ID;eln_id;chemist;stmat_1_chemform;stmat_2_chemform;product_1_chemform;product_2_chemform;product_3_chemform;product_4_chemform
1;ELN045640-001;fluckign;C16H21BN2O2;;C8H7F3O;;;
2;ELN045640-021;fluckign;C16H21BN2O2;;C11H9N3;;;
3;ELN045640-019;fluckign;C16H21BN2O2;;C11H9F3N2;;;
4;ELN045640-020;fluckign;C16H21BN2O2;;C11H9F3N2;;;
5;ELN045640-022;fluckign;C16H21BN2O2;;C11H9F3N2;;;
6;ELN045640-023;fluckign;C16H21BN2O2;;C11H12N2;;;
7;ELN045640-024;fluckign;C16H21BN2O2;;C11H12N2;;;
8;ELN045640-027;fluckign;C10H14BNO3;;C11H12N2O;;;
9;ELN045640-028;fluckign;C10H14BNO3;;C11H12N2O;;;
10;ELN045640-031;fluckign;C16H21BN2O2;;C11H9F3N2;;;
11;ELN045640-032;fluckign;C28H35ClBN2O4;;C22H22BrClN2O2;;;
12;ELN045640-026;fluckign;C10H14BNO3;;C11H12N2O;;;
13;ELN045640-029;fluckign;C10H14BNO3;;C11H12N2O;;;
14;ELN045640-033;fluckign;C10H14BNO3;;C10H12ClNO;;;
15;ELN045640-034;fluckign;C10H14BNO3;;C10H12ClNO;;;
16;ELN045640-035;fluckign;C10H14BNO3;;C10H12ClNO;;;
17;ELN045640-036;fluckign;C20H24BNO2;;C14H12ClN;;;
18;ELN045640-037;fluckign;C20H24BNO2;;C14H12ClN;;;
19;ELN045640-038;fluckign;C28H35ClBN2O4;;C23H22ClN3O2;;;
20;ELN045640-039;fluckign;C22H23ClN2O2;;C28H35ClBN2O4;;;
21;ELN045640-040;fluckign;C5H5BBrNO2;;C5H5BrN2;;;
22;ELN045640-041;fluckign;C10H14BNO3;;C10H14N2O;;;
23;ELN045640-042;fluckign;C5H5BBrNO2;;C5H5BrN2;;;
24;ELN045640-043;fluckign;C10H14BNO3;;C10H14N2O;;;
25;ELN045640-044;fluckign;C5H5BBrNO2;;C5H5BrN2;;;
26;ELN045640-045;fluckign;C10H14BNO3;;C10H14N2O;;;
27;ELN045640-046;fluckign;C20H24BNO2;;C14H12FN;;;
28;ELN045640-047;fluckign;C10H14BNO3;;C11H15NO;;;
29;ELN045640-048;fluckign;C16H21BN2O2;;C10H9FN2;;;
30;ELN045640-049;fluckign;C10H14BNO3;;C10H12FNO;;;
31;ELN045640-050;fluckign;C10H14BNO3;;C11H12F3NO;;;
32;ELN045640-051;fluckign;C10H14BNO3;;C11H12F3NO;;;
33;ELN045640-052;fluckign;C10H14BNO3;;C10H12FNO;;;
34;ELN045640-053;fluckign;C10H14BNO3;;C10H12FNO;;;
35;ELN045640-054;fluckign;C20H24BNO2;;C14H14N2;;;
36;ELN045640-055;fluckign;C20H24BNO2;;C14H14N2;;;
37;ELN045640-056;fluckign;C28H35ClBN2O4;;C22H22Cl2N2O2;;;
38;ELN045640-057;fluckign;C10H14BNO3;;C11H15NO;;;
39;ELN045640-058;fluckign;C10H14BNO3;;C10H12ClNO;;;
40;ELN045640-059;fluckign;C10H14BNO3;;C10H12ClNO;;;
41;ELN045640-060;fluckign;C22H23ClN2O2;;C28H35ClBN2O4;;;
42;ELN045640-061;fluckign;C22H23ClN2O2;;C28H35ClBN2O4;;;
43;ELN045640-062;fluckign;C17H19NO4;;C23H30BNO6;;;
44;ELN045640-063;fluckign;C20H19NO3;;C26H30BNO5;;;
45;ELN045640-064;fluckign;C14H17Cl2N3O;;C20H28BCl2N3O3;;;
46;ELN045640-065;fluckign;C10H14BNO3;;C11H15NO;;;
47;ELN045640-066;fluckign;C22H23ClN2O2;;C28H35ClBN2O4;;;
48;ELN045640-067;fluckign;C16H21BN2O2;;C10H9FN2;;;
49;ELN045640-068;fluckign;C10H14BNO3;;C10H12FNO;;;
50;ELN045640-069;fluckign;C20H24BNO2;;C14H12FN;;;
51;ELN045640-070;fluckign;C5H5BBrNO2;;C5H3BrFN;;;
52;ELN045640-071;fluckign;C28H35ClBN2O4;;C22H22Cl2N2O2;;;
53;ELN045640-072;fluckign;C28H35ClBN2O4;;C23H22ClF3N2O2;;;
54;ELN045640-073;fluckign;C10H14BNO3;;C10H12FNO;;;
55;ELN045640-074;fluckign;C16H24BNO3;;C11H12N2O;;;
56;ELN045640-075;fluckign;C16H24BNO3;;C11H12N2O;;;
57;ELN045640-076;fluckign;C16H24BNO3;;C11H12N2O;;;
58;ELN045640-077;fluckign;C16H24BNO3;;C10H12ClNO;;;
59;ELN045640-078;fluckign;C16H24BNO3;;C10H12ClNO;;;
60;ELN045640-079;fluckign;C16H24BNO3;;C10H12ClNO;;;
61;ELN045640-080;fluckign;C16H24BNO3;;C10H12FNO;;;
62;ELN046464-001;strobes3;C12H11N;;C12H10FN;;;
63;ELN046464-002;strobes3;C12H11N;;C12H10FN;;;
64;ELN046464-003;strobes3;C12H11N;;C12H10FN;;;
65;ELN046464-004;strobes3;C12H11N;;C12H10FN;;;
66;ELN045640-081;fluckign;C16H24BNO3;;C10H12FNO;;;
67;ELN045640-082;fluckign;C16H24BNO3;;C11H15NO;;;
68;ELN045640-083;fluckign;C16H24BNO3;;C11H15NO;;;
69;ELN046464-005;strobes3;C12H11N;;C12H10FN;;;
70;ELN046464-006;strobes3;C12H11N;;C12H10FN;;;
71;ELN046464-007;strobes3;C12H11N;;C12H10FN;;;
72;ELN046464-008;strobes3;C12H11N;;C12H10FN;;;
73;ELN046464-009;strobes3;C12H11N;;C12H10FN;;;
74;ELN045640-084;fluckign;C16H24BNO3;;C11H12N2O;C10H14BNO3;;
75;ELN045640-085;fluckign;C16H24BNO3;;C10H12ClNO;C10H14BNO3;;
76;ELN046464-010;strobes3;C12H11N;;C12H10FN;;;
77;ELN046464-011;strobes3;C12H11N;;C12H10FN;;;
78;ELN046464-012;strobes3;C12H11N;;C12H10FN;;;
79;ELN045640-086;fluckign;C20H19NO3;;C26H30BNO5;;;
80;ELN045640-087;fluckign;C16H24BNO3;;C10H14N2O;C10H14BNO3;;
81;ELN045640-088;fluckign;C16H24BNO3;;C10H14N2O;C10H14BNO3;;
82;ELN045640-089;fluckign;C10H14BNO3;;C10H14N2O;;;
83;ELN045640-090;fluckign;C16H24BNO3;;C10H14N2O;C10H14BNO3;;
84;ELN045640-091;fluckign;C16H24BNO3;;C10H14N2O;C10H14BNO3;;
85;ELN045640-092;fluckign;C16H24BNO3;;C11H12F3NO;C10H14BNO3;;
86;ELN046464-013;strobes3;C12H11N;;C12H10FN;;;
87;ELN046464-014;strobes3;C12H11N;;C12H10FN;;;
88;ELN046464-015;strobes3;C12H11N;;C12H10FN;;;
89;ELN046464-016;strobes3;C12H11N;;C12H10FN;;;
90;ELN045640-093;fluckign;C16H24BNO3;;C11H15NO;C10H14BNO3;;
91;ELN045640-094;fluckign;C10H14BNO3;;C10H12BrNO;;;
92;ELN045640-095;fluckign;C16H24BNO3;;C11H15NO;C10H14BNO3;;
93;ELN045640-096;fluckign;C20H19NO3;;C26H30BNO5;C32H41B2NO7;;
94;ELN045640-097;fluckign;C20H19NO3;;C26H30BNO5;C32H41B2NO7;;
95;ELN045640-098;fluckign;C20H19NO3;;C26H30BNO5;C32H41B2NO7;;
96;ELN045640-099;fluckign;C22H24BClN2O4;;C22H23ClN2O3;;;
97;ELN045640-100;fluckign;C28H34BClN2O4;;C22H23ClN2O3;;;
98;ELN045640-101;fluckign;C22H24BClN2O4;;C22H23ClN2O3;;;
99;ELN045640-102;fluckign;C23H30BNO6;;C17H19NO5;;;
100;ELN045640-103;fluckign;C17H20BNO6;;C17H19NO5;;;
101;ELN045640-104;fluckign;C10H14BNO3;;C10H12BrNO;;;
102;ELN045640-105;fluckign;C10H14BNO3;;C10H12ClNO;;;
103;ELN045640-106;fluckign;C10H14BNO3;;C10H12ClNO;;;
104;ELN045640-107;fluckign;C10H14BNO3;;C10H12BrNO;;;
105;ELN045640-108;fluckign;C10H14BNO3;;C10H12ClNO;;;
106;ELN045640-109;fluckign;C10H14BNO3;;C10H12BrNO;;;
107;ELN045640-110;fluckign;C26H30BNO5;;C21H18N2O3;;;
108;ELN045640-111;fluckign;C26H30BNO5;;C21H18N2O3;;;
109;ELN045640-112;fluckign;C22H23ClN2O2;;C22H24BClN2O4;C28H34BClN2O4;;
110;ELN045640-113;fluckign;C10H14BNO3;;C10H12BrNO;;;
111;ELN045640-114;fluckign;C10H14BNO3;;C10H12BrNO;;;
112;ELN045640-115;fluckign;C20H19NO3;;C32H22F4NO3S2;;;
113;ELN046464-017;strobes3;C12H11N;;C12H10FN;;;
114;ELN046464-018;strobes3;C12H11N;;C12H10FN;;;
115;ELN046464-019;strobes3;C12H11N;;C12H10FN;;;
116;ELN046464-020;strobes3;C12H11N;;C12H10FN;;;
117;ELN046464-021;strobes3;C12H11N;;C12H10FN;;;
118;ELN046464-022;strobes3;C12H11N;;C12H10FN;;;
119;ELN046464-023;strobes3;C12H11N;;C12H10FN;;;
120;ELN046464-024;strobes3;C12H11N;;C12H10FN;;;
121;ELN046464-025;strobes3;C12H11N;;C12H10FN;;;
122;ELN046464-026;strobes3;C12H11N;;C12H10FN;;;
123;ELN046464-027;strobes3;C12H11N;;C12H10FN;;;
124;ELN046464-028;strobes3;C12H11N;;C12H10FN;;;
125;ELN046464-029;strobes3;C12H11N;;C12H10FN;;;
126;ELN046464-030;strobes3;C12H11N;;C12H10FN;;;
127;ELN046464-031;strobes3;C12H10FN;;C24H18N2;;;
128;ELN046464-032;strobes3;C12H10FN;;C24H18N2;;;
129;ELN045640-116;fluckign;C16H24BNO3;;C10H12BrNO;C10H14BNO3;;
130;ELN045640-117;fluckign;C10H14BNO3;;C10H13NO2;;;
131;ELN045640-118;fluckign;C16H24BNO3;;C10H13NO2;C10H14BNO3;;
132;ELN046464-033;strobes3;C10H14BNO3;;C10H12ClNO;;;
133;ELN046464-034;strobes3;C10H14BNO3;;C10H12ClNO;;;
134;ELN046464-035;strobes3;C10H14BNO3;;C10H12ClNO;;;
135;ELN045640-121;fluckign;C26H30BNO5;;C20H19NO4;;;
136;ELN045640-122;fluckign;C26H30BNO5;;C20H19NO4;;;
137;ELN045640-119;fluckign;C26H30BNO5;;C20H18BrNO3;;;
138;ELN045640-120;fluckign;C26H30BNO5;;C20H18BrNO3;;;
139;ELN045640-123;fluckign;C26H30BNO5;;C20H18ClNO3;;;
140;ELN045640-124;fluckign;C26H30BNO5;;C20H18ClNO3;;;
141;ELN045640-125;fluckign;C26H30BNO5;;C21H18F3NO3;;;
142;ELN045640-126;fluckign;C26H30BNO5;;C21H18F3NO3;;;
143;ELN045640-127;fluckign;C26H30BNO5;;C21H18F3NO3;;;
144;ELN045640-128;fluckign;C16H24BNO3;;C10H14BNO3;;;
145;ELN045640-129;fluckign;C16H24BNO3;;C10H14BNO3;;;
146;ELN045639-051;stenzhoy;C8H9NO3;;C14H12N2O4;;;
147;ELN045639-052;stenzhoy;C8H9NO3;;C14H12N2O4;;;
148;ELN045639-055;stenzhoy;C14H12N2O4;;C13H8N2O3;;;
149;ELN040616-153;wolfardj;C11H11NO;;C12H13NO;C13H15NO;;
150;ELN040616-154;wolfardj;C11H11NO;;C12H13NO;C13H15NO;;
151;ELN040616-155;wolfardj;C5H3BrClN;;C7H7BrClN;C9H11BrClN;;
152;ELN040616-156;wolfardj;C17H30ClNSn;;C19H34ClNSn;;;
153;ELN040616-157;wolfardj;C5H3Cl2N;;C7H7Cl2N;C9H11Cl2N;;
154;ELN040616-158;wolfardj;C11H10ClN3O2;;C16H18ClN3O3;;;
155;ELN046742-005;strobes3;C7H5BF4O2;;C7H3ClF4;;;
156;ELN046742-006;strobes3;C6H4BClF2O2;;C6H2Cl2F2;;;
157;ELN046742-007;strobes3;C8H8BF3O3;;C8H6ClF3O;;;
158;ELN046464-050;strobes3; C10H8BrN;;C10H7BrFN;;;
159;ELN045639-061;stenzhoy;C8H9NO3;;C14H12N2O4;;;
160;ELN045639-062;stenzhoy;C19H18N2O3;C12H14ON4;C31H30N6O3;;;
161;ELN047124-002;perrond4;C20H19NO3;;C32H22F4NO3S2;;;
162;ELN045639-063;stenzhoy;C19H18N2O3;C12H14ON4;C31H30N6O3;;;
163;ELN047124-003;perrond4;C22H23ClN2O2;;C34H26ClF4N2O2S2;;;
164;ELN045639-065;stenzhoy;C14H12N2O4;;C14H10N2O3;;;
165;ELN040616-162;wolfardj;C24H22ClF2N7O2;;C25H24ClF2N7O2;;;
166;ELN047124-004;perrond4;C22H23ClN2O2;;C34H26ClF4N2O2S2;;;
167;ELN045639-066;stenzhoy;C14H10N2O3;;C20H20N2O3;C26H30N2O3;;
168;ELN047124-005;perrond4;C19H16O4;;C31H19F4O4S2;;;
169;ELN047124-006;perrond4;C24H30ClN7O3;;C36H33ClF4N7O3S2;;;
170;ELN047147-001;strobes3;C22H23ClN2O2;;C28H34BClN2O4; C22H24BClN2O4;C22H23ClN2O3;
171;ELN047124-007;perrond4;C14H18O3;;C26H21F4O3S2;;;
172;ELN047124-008;perrond4;C20H21N3O;;C32H24F4N3OS2;;;
173;ELN047124-009;perrond4;C12H14ClNO2;;C24H17ClF4NO2S2;;;
174;ELN047124-010;perrond4;C17H19NO4;;C29H22F4NO4S2;;;
175;ELN047124-011;perrond4;C20H19NO3;;C32H22F4NO3S2;;;
176;ELN047124-012;perrond4;C20H19NO3;;C32H22F4NO3S2;;;
177;ELN047124-013;perrond4;C22H23ClN2O2;;C34H26ClF4N2O2S2;;;
178;ELN047124-014;perrond4;C20H19NO3;;C32H22F4NO3S2;;;
179;ELN045639-069;stenzhoy;C25H28N2O3;;C37H40N6O3;;;
180;ELN047124-015;perrond4;C20H19NO3;;C32H22F4NO3S2;;;
181;ELN047124-016;perrond4;C20H19NO3;;C32H26NO3S2;;;
182;ELN047124-017;perrond4;C20H19NO3;;C32H26NO3S2;;;
183;ELN045639-070;stenzhoy;C18H16N2O3;C12H14N4O;C30H28N6O3;;;
184;ELN047124-018;perrond4;C20H19NO3;;C32H26NO3S2;;;
185;ELN047124-019;perrond4;C20H19NO3;;C32H22F4NO3S2;;;
186;ELN047124-020;perrond4;C20H19NO3;;C32H26NO3S2;;;
187;ELN047124-021;perrond4;C20H19NO3;;C32H22F4NO3S2;;;
188;ELN040616-165;wolfardj;C11H11NO;;C13H15NO;C15H19NO;;
189;ELN040616-166;wolfardj;C11H11NO;;C13H15NO;C15H19NO;;
190;ELN040616-168;wolfardj;C11H11NO;;C13H15NO;C15H19NO;;
191;ELN047147-002;strobes3;C18H17BrN2O;;C18H17BrN2O2;C18H17BrN2O3;;
192;ELN047147-005;strobes3;C19H27N3O5;;C19H27N3O6;C25H38BN3O7;;
193;ELN047147-008;strobes3;C18H20ClNO3S;;C18H20ClNO4S;C18H20ClNO5S;;
194;ELN047147-009;strobes3;C22H28N2O2S;;C22H28N2O3S;C28H39BN2O4S;;
195;ELN040616-170;wolfardj;C11H11NO;;C13H15NO;C15H19NO;;
196;ELN047147-010;strobes3;C18H18BrNS;;C18H18BrNOS;C18H18BrNO2S;;
197;ELN047147-012;strobes3;C17H16Cl3NO;;C17H16Cl3NO2;C17H16Cl3NO3;;
198;ELN047147-013;strobes3;C24H27NO2;;C24H27NO3;C24H27NO4;;
199;ELN045639-071;stenzhoy;C21H20N2O3;;C20H18N2O3;C32H30N6O3;;
200;ELN047147-016;strobes3;C21H23Cl2NO;;C21H23Cl2NO2;C21H23Cl2NO3;;
201;ELN047147-017;strobes3;C20H18ClNO4;;C20H18ClNO5;C20H18ClNO6;;
202;ELN047124-022;perrond4;C20H19NO3;;C32H26NO3S2;;;
203;ELN047124-023;perrond4;C20H19NO3;;C32H26NO3S2;;;
204;ELN047124-024;perrond4;C20H19NO3;;C32H26NO3S2;;;
205;ELN047147-021;strobes3;C25H23NO;;C25H23NO2;C25H23NO3;;
206;ELN047124-025;perrond4;C20H19NO3;;C32H26NO3S2;;;
207;ELN047124-026;perrond4;C20H19NO3;;C32H26NO3S2;;;
208;ELN040616-171;wolfardj;C11H11NO;;C13H15NO;C15H19NO;;
209;ELN040616-172;wolfardj;C11H11NO;;C13H15NO;C15H19NO;;
210;ELN040616-173;wolfardj;C11H11NO;;C13H15NO;C15H19NO;;
211;ELN047147-026;strobes3;C20H23ClN2O4;;C20H23ClN2O5;C20H23ClN2O6;;
212;ELN047147-027;strobes3;C21H25NO4;;C21H25NO5;C21H25NO6;;
213;ELN047147-029;strobes3;C18H18N4O4;;C18H18N4O5;C18H18N4O6;;
214;ELN047147-034;strobes3;C15H18Cl2O2S2;;C15H18Cl2O3S2;C15H18Cl2O4S2;;
215;ELN047147-039;strobes3;C19H15ClO3S;;C19H15ClO4S;C19H15ClO5S;;
216;ELN047147-040;strobes3;C18H18N4O4;;C18H18N4O5;C18H18N4O6;;
217;ELN040616-174;wolfardj;C21H20N2O3;;C20H18N2O3;C32H30N6O3;;
218;ELN047124-027;perrond4;C20H19NO3;;C32H26NO3S2;;;
219;ELN047124-028;perrond4;C20H19NO3;;C32H26NO3S2;;;
220;ELN040616-175;wolfardj;C19H18N2O3;;C18H16N2O3;C30H28N6O3;;
221;ELN047147-041;strobes3;C20H13F3N2O2;;C20H13F3N2O3;C20H13F3N2O4;;
222;ELN047124-029;perrond4;C20H19NO3;;C32H26NO3S2;;;
223;ELN047124-030;perrond4;C20H19NO3;;C32H26NO3S2;;;
224;ELN047124-031;perrond4;C20H19NO3;;C32H26NO3S2;;;
225;ELN047124-032;perrond4;C20H19NO3;;C32H26NO3S2;;;
226;ELN047124-033;perrond4;C20H19NO3;;C32H26NO3S2;;;
227;ELN047147-044;strobes3;C17H17F6N3O;;C17H17F6N3O2;C17H17F6N3O3;;
228;ELN040616-179;wolfardj;C14H10N2O3;;C27H25N3O5;;;
229;ELN040616-180;wolfardj;C8H9NO3;;C14H12N2O4;;;
230;ELN040616-181;wolfardj;C14H12N2O4;;C14H10N2O3;;;
231;ELN047147-007;strobes3;C19H17Cl2NO2;;C19H17Cl2NO3;C19H17Cl2NO4;;
232;ELN040616-185;wolfardj;C27H25N3O5;C12H14N4O;C26H23N3O5;C38H35N7O5;;
233;ELN040616-186;wolfardj;C27H25N3O5;C12H14N4O;C26H23N3O5;C38H35N7O5;;
234;ELN040616-187;wolfardj;C27H25N3O5;C12H14N4O;C26H23N3O5;C38H35N7O5;;
235;ELN047147-050;strobes3;C23H21ClN2O5;;C23H21ClN2O6;C23H21ClN2O7;C23H22BClN2O7;C29H32BClN2O7
236;ELN047147-051;strobes3;C17H22N2O4;C13H14N2O4;C17H22N2O5;C13H14N2O5;C17H22N2O6;C13H14N2O6
237;ELN047147-052;strobes3;C17H22N2O4;C13H14N2O4;C23H33BN2O6;C17H23BN2O6;C19H25BN2O6;C13H15BN2O6
238;ELN040616-189;wolfardj;C14H10N2O3;;C27H25N3O5;;;
239;ELN047124-034;perrond4;C20H19NO3;;C32H26NO3S2;C32H22F4NO3S2;;
240;ELN047124-035;perrond4;C20H19NO3;;C32H26NO3S2;C32H22F4NO3S2;;
241;ELN047147-054;strobes3;C17H22N2O4;C13H14N2O4;C12H14N2O2;;;
242;ELN047147-055;strobes3; C12H14N2O2;C9H8O3;C21H20N2O4;;;
243;ELN047124-036;perrond4;C20H19NO3;;C32H26NO3S2;;;
244;ELN047124-037;perrond4;C20H19NO3;;C32H26NO3S2;;;
245;ELN047124-038;perrond4;C20H19NO3;;C32H22F4NO3S2;;;
246;ELN047124-039;perrond4;C20H19NO3;;C32H22F4NO3S2;;;
247;ELN047147-056;strobes3;C21H20N2O4;;C23H21ClN2O5;;;
248;ELN040616-194;wolfardj;C14H10N2O3;;C25H21N3O5;;;
249;ELN040616-195;wolfardj;C38H35N7O5;;C30H29N7O3;;;
250;ELN040616-196;wolfardj;C38H35N7O5;;C30H29N7O3;;;
251;ELN040616-197;wolfardj;C38H35N7O5;;C30H29N7O3;;;
252;ELN047147-057;strobes3;C23H21ClN2O5;;C29H32BClN2O7;C23H22BClN2O7; C35H43B2ClN2O9;C23H23B2ClN2O9
253;ELN047147-059;strobes3;C29H32BClN2O7;;C23H21ClN2O6;;;
254;ELN047147-060;strobes3;C29H32BClN2O7;;C23H20Cl2N2O5;;;
255;ELN047147-058;strobes3;C23H21ClN2O5;;C29H32BClN2O7; C23H22BClN2O7;;
256;ELN047124-040;perrond4;C22H23ClN2O2;;C34H30ClN2O2S2;;;
257;ELN047124-041;perrond4;C22H23ClN2O2;;C34H26ClF4N2O2S2;;;
258;ELN047147-061;strobes3; C12H14N2O2;C9H8O3;C21H20N2O4;;;
259;ELN047147-062;strobes3;C21H20N2O4;;C23H21ClN2O5;;;
260;ELN047147-063;strobes3;C21H20N2O4;;C23H21ClN2O5;;;
261;ELN047147-064;strobes3;C23H21ClN2O5;;C29H32BClN2O7;;;
262;ELN047147-065;strobes3;C29H32BClN2O7;;C23H20BrClN2O5;;;
263;ELN047147-066;strobes3;C29H32BClN2O7;;C24H20ClN3O5;;;
264;ELN047147-067;strobes3;C29H32BClN2O7;;C24H20ClF3N2O5;;;
265;ELN047147-068;strobes3;C29H32BClN2O7;;C23H20Cl2N2O5;;;
266;ELN047147-069;strobes3;C29H32BClN2O7;;C23H21ClN2O6;;;
267;ELN047124-042;perrond4;C4H2Br2S;;C16H9Br2S3;;;
268;ELN047124-043;perrond4;C4H2Br2S;;C16H9Br2S3;;;
269;ELN047124-044;perrond4;C4H2Br2S;;C16H5Br2F4S3;;;
270;ELN047124-045;perrond4;C4H2Br2S;;C16H5Br2F4S3;;;
271;ELN045639-072;stenzhoy;C14H10N2O3;;C19H18N2O3;C24H26N2O3;;
272;ELN047124-046;perrond4;C8H10O2;;C20H17O2S2;;;
273;ELN047124-047;perrond4;C6H5Cl;;C18H8ClF4S2;;;
274;ELN045639-073;stenzhoy;C14H10N2O3;;C27H25N3O5;C40H40N4O7;;
275;ELN047124-048;perrond4;C12H9F;;C24H12F5S2;;;
276;ELN047124-049;perrond4;C15H16O;;C27H19F4OS2;;;
277;ELN047124-050;perrond4;C6H7NO;;C18H14NOS2;;;
278;ELN047124-051;perrond4;C6H4Cl2;;C18H11Cl2S2;;;
279;ELN047124-052;perrond4;C4H3BrS;;C16H10BrS3;;;
280;ELN047124-053;perrond4;C4H3ClS;;C16H10ClS3;;;
281;ELN045639-074;stenzhoy;C14H10N2O3;;C21H20N2O3;C28H30N2O3;;
282;ELN047722-012;wolfardj;C23H25F2N7O2;;C23H25F2N7O3;C23H25F2N7O4;C23H25F2N7O5;
283;ELN045639-075;stenzhoy;C18H16N2O3;;C28H25ClN6O3;;;
284;ELN045639-076;stenzhoy;C27H25N3O5;C26H23N3O5;C36H32ClN7O5;;;
285;ELN045639-077;stenzhoy;C14H10N2O3;;C19H18N2O3;C24H26N2O3;;
286;ELN045639-078;stenzhoy;C14H10N2O3;;C27H25N3O5;C40H40N4O7;;
287;ELN048623-001;stenzhoy;C9H11BrN2O;;C15H22BBrN2O3;;;
288;ELN048623-002;stenzhoy;C9H11BrN2O;;C15H22BBrN2O3;;;
289;ELN048623-003;stenzhoy;C9H11BrN2O;;C15H22BBrN2O3;;;
290;ELN048623-004;stenzhoy;C9H11BrN2O;;C15H22BBrN2O3;;;
291;ELN048623-005;stenzhoy;C9H11BrN2O;;C15H22BBrN2O3;;;
292;ELN048623-006;stenzhoy;C22H23ClN2O2;;C28H34BClN2O4;;;
293;ELN048623-007;stenzhoy;C22H23ClN2O2;;C28H34BClN2O4;;;
294;ELN048623-008;stenzhoy;C22H23ClN2O2;;C28H34BClN2O4;;;
295;ELN048623-009;stenzhoy;C22H23ClN2O2;;C28H34BClN2O4;;;
296;ELN048623-010;stenzhoy;C22H23ClN2O2;;C28H34BClN2O4;;;
297;ELN047124-054;perrond4;C11H8BrNO2;;C23H11BrF4NO2S2;;;
298;ELN047124-055;perrond4;C12H14O6;;C24H17F4O6S2;;;
299;ELN047124-056;perrond4;C20H24O10;;C32H31O10S2;;;
300;ELN047124-057;perrond4;C26H29NO2;;C38H32F4NO2S2;;;
301;ELN045639-079;stenzhoy;C18H16N2O3;;C29H30N6O2;;;
302;ELN045639-080;stenzhoy;C18H16N2O3;;C29H30N6O3S;;;
303;ELN045639-081;stenzhoy;C18H16N2O3;;C28H25ClN6O3;;;
304;ELN045639-082;stenzhoy;C18H16N2O3;;C29H30N6O2;;;
305;ELN047124-058;perrond4;C32H22F4NO3S2;;C21H18N2O3;;;
306;ELN047124-059;perrond4;C32H22F4NO3S2;;C21H18N2O3;;;
307;ELN047124-060;perrond4;C32H22F4NO3S2;;C21H18N2O3;;;
308;ELN047124-061;perrond4;C32H22F4NO3S2;;C21H18N2O3;;;
309;ELN047124-062;perrond4;C32H22F4NO3S2;;C21H18N2O3;;;
310;ELN045639-083;stenzhoy;C26H23N3O5;;C36H32ClN7O5;;;
311;ELN047124-063;perrond4;C32H26NO3S2;;C20H18ClNO3;;;
312;ELN047124-064;perrond4;C32H26NO3S2;;C20H18ClNO3;;;
313;ELN047124-065;perrond4;C32H26NO3S2;;C20H18ClNO3;;;
314;ELN047124-066;perrond4;C32H26NO3S2;;C20H18ClNO3;;;
315;ELN045639-084;stenzhoy;C22H23ClN2O2;;C28H34BClN2O4;C22H24BClN2O4;;
316;ELN045639-085;stenzhoy;C22H23ClN2O2;;C28H34BClN2O4;C22H24BClN2O4;;
317;ELN045639-086;stenzhoy;C22H23ClN2O2;;C28H34BClN2O4;C22H24BClN2O4;;
318;ELN045639-087;stenzhoy;C26H23N3O5;;C37H37N7O4;;;
319;ELN045639-088;stenzhoy;C26H23N3O5;;C36H32ClN7O5;;;
320;ELN045639-089;stenzhoy;C20H18N2O3;;C30H27ClN6O3;;;
321;ELN045639-090;stenzhoy;C20H18N2O3;;C30H27ClN6O3;;;
322;ELN045639-091;stenzhoy;C22H23ClN2O2;;C28H34BClN2O4;C22H24BClN2O4;;
323;ELN045639-092;stenzhoy;C22H23ClN2O2;;C28H34BClN2O4;C22H24BClN2O4;;
324;ELN045639-093;stenzhoy;C22H23ClN2O2;;C28H34BClN2O4;C22H24BClN2O4;;
325;ELN045639-094;stenzhoy;C36H32ClN7O5;;C28H26ClN7O3;;;
326;ELN045639-095;stenzhoy;C36H32ClN7O5;;C28H26ClN7O3;;;
327;ELN045639-096;stenzhoy;C36H32ClN7O5;;C28H26ClN7O3;;;
328;ELN045639-097;stenzhoy;C36H32ClN7O5;;C28H26ClN7O3;;;
329;ELN045639-099;stenzhoy;C11H11NO;;C12H11F2NO;C13H11F4NO;;
330;ELN040616-201;wolfardj;C29H32O7S;;C29H31FO7S;;;
331;ELN040616-202;wolfardj;C29H32O7S;;C29H31FO7S;;;
332;ELN040616-203;wolfardj;C29H32O7S;;C29H31FO7S;;;
333;ELN040616-204;wolfardj;C29H32O7S;;C29H31FO7S;;;
334;ELN045639-100;stenzhoy;C7H5NS;;C11H11NS;;;
335;ELN045639-101;stenzhoy;C10H9N;;C14H15N;;;
336;ELN045639-102;stenzhoy;C7H5NS;;C11H11NS;;;
337;ELN045639-103;stenzhoy;C10H9N;;C14H15N;;;
338;ELN045639-104;stenzhoy;C7H5NS;;C11H11NS;;;
339;ELN045639-105;stenzhoy;C10H9N;;C14H15N;;;
340;ELN040616-207;wolfardj;C9H9NO5;C7H4ClNO4;C16H12N2O9;;;
341;ELN040616-206;wolfardj;C23H25F2N7O2;;C23H25F2N7O3;;;
342;ELN040616-208;wolfardj;C9H9NO5;C7H4ClNO4;C16H12N2O9;;;
343;ELN045639-106;stenzhoy;C9H6BrN;;C14H14BrN;;;
344;ELN040616-209;wolfardj;C16H12N2O9;C19H32N2O5;C29H39N3O11;;;
345;ELN040616-210;wolfardj;C16H12N2O9;C19H32N2O5;C29H39N3O11;;;
346;ELN049364-001;baslerh1;C10H9N;;C14H15N;;;
347;ELN049364-002;baslerh1;C10H9N;;C14H15N;;;
348;ELN049364-003;baslerh1;C10H9N;;C14H15N;;;
349;ELN049364-004;baslerh1;C10H9N;;C14H15N;;;
350;ELN049364-005;baslerh1;C10H9N;;C14H15N;;;
351;ELN049364-006;baslerh1;C10H9N;;C14H15N;;;
352;ELN049364-007;baslerh1;C10H9N;;C14H15N;;;
353;ELN049364-008;baslerh1;C10H9N;;C14H15N;;;
354;ELN049364-009;baslerh1;C10H9N;;C14H15N;;;
355;ELN049364-010;baslerh1;C10H9N;;C14H15N;;;
356;ELN049364-011;baslerh1;C10H9N;;C14H15N;;;
357;ELN049364-012;baslerh1;C10H9N;;C14H15N;;;
358;ELN049364-013;baslerh1;C10H9N;;C14H15N;;;
359;ELN049364-014;baslerh1;C10H9N;;C14H15N;;;
360;ELN049364-015;baslerh1;C10H9N;;C14H15N;;;
361;ELN045639-111;stenzhoy;C9H9N3;;C13H15N3O;;;
362;ELN049364-016;baslerh1;C10H9N;;C14H15N;;;
363;ELN049364-017;baslerh1;C10H9N;;C14H15N;;;
364;ELN049364-018;baslerh1;C10H9N;;C14H15N;;;
365;ELN049364-019;baslerh1;C10H9N;;C14H15N;;;
366;ELN049364-020;baslerh1;C10H9N;;C14H15N;;;
367;ELN049364-021;baslerh1;C10H9N;;C14H15N;;;
368;ELN049364-022;baslerh1;C10H9N;;C14H15N;;;
369;ELN049364-023;baslerh1;C10H9N;;C14H15N;;;
370;ELN049364-024;baslerh1;C10H9N;;C14H15N;;;
371;ELN049364-025;baslerh1;C10H9N;;C14H15N;;;
372;ELN049364-026;baslerh1;C10H9N;;C14H15N;;;
373;ELN049364-027;baslerh1;C10H9N;;C14H15N;;;
374;ELN049364-028;baslerh1;C10H9N;;C14H15N;;;
375;ELN049364-029;baslerh1;C10H9N;;C14H15N;;;
376;ELN049364-030;baslerh1;C10H9N;;C14H15N;;;
377;ELN049364-031;baslerh1;C10H9N;;C14H15N;;;
378;ELN045639-113;stenzhoy;C16H16Cl3F2N3O2;;C22H27BCl3F2N3O4;;;
379;ELN049364-034;baslerh1;C10H9N;;C19H24N2O2;;;
380;ELN049364-035;baslerh1;C10H9N;;C19H24N2O2;;;
381;ELN049364-040;baslerh1;C10H9N;;C18H22N2O2;;;
382;ELN049364-041;baslerh1;C10H9N;;C18H22N2O2;;;
383;ELN049364-042;baslerh1;C10H9N;;C18H22N2O2;;;
384;ELN049364-043;baslerh1;C10H9N;;C18H22N2O2;;;
385;ELN049364-036;baslerh1;C15H8Cl2F3N5O;;C24H23Cl2F3N6O3;;;
386;ELN049364-037;baslerh1;C15H8Cl2F3N5O;;C19H14Cl2F3N5O2;;;
387;ELN049364-038;baslerh1;C15H8Cl2F3N5O;;C24H23Cl2F3N6O3;;;
388;ELN049364-039;baslerh1;C15H8Cl2F3N5O;;C23H21Cl2F3N6O3;;;
389;ELN049364-044;baslerh1;C15H8Cl2F3N5O;;C18H12Cl2F3N5O2;;;
390;ELN049364-045;baslerh1;C15H8Cl2F3N5O;;C24H23Cl2F3N6O3;;;
391;ELN049364-046;baslerh1;C16H9Cl2F3N4O;;C25H24Cl2F3N5O3;;;
392;ELN049364-047;baslerh1;C16H9Cl2F3N4O;;C20H15Cl2F3N4O2;;;
393;ELN049364-048;baslerh1;C16H9Cl2F3N4O;;C25H24Cl2F3N5O3;;;
394;ELN049364-049;baslerh1;C16H9Cl2F3N4O;;C24H22Cl2F3N5O3;;;
395;ELN049364-050;baslerh1;C16H9Cl2F3N4O;;C19H13Cl2F3N4O2;;;
396;ELN049364-051;baslerh1;C16H9Cl2F3N4O;;C25H24Cl2F3N5O3;;;
397;ELN049364-053;baslerh1;C10H9N;;C18H22N2O2;;;
398;ELN049364-052;baslerh1;C11H13NO3;;C12H15NO2;;;
399;ELN045639-120;stenzhoy;C14H10N2O3;;C13H8N2O3;;;
400;ELN045639-121;stenzhoy;C10H9N;;C11H11NO;;;
401;ELN049364-057;baslerh1;C10H9N;;C19H24N2O2;;;
402;ELN040616-214;wolfardj;C11H13NO3;;C12H15NO2;;;
403;ELN040616-215;wolfardj;C11H11NO;;C12H11F2NO;;;
404;ELN045639-123;stenzhoy;C10H9N;;C11H11NO;;;
405;ELN040616-216;wolfardj;C11H11NO;;C12H11F2NO;;;
406;ELN040616-217;wolfardj;C11H11NO;;C12H11F2NO;;;
407;ELN040616-218;wolfardj;C11H11NO;;C12H10F3NO;;;
408;ELN045639-125;stenzhoy;C10H9N;;C11H11NO;;;
409;ELN045639-126;stenzhoy;C10H9N;;C11H11NO;;;
410;ELN045639-124;stenzhoy;C11H11NO;;C15H18N2O;;;
411;ELN045639-127;stenzhoy;C10H9N;;C11H11NO;;;
412;ELN045639-129;stenzhoy;C11H11NO;;C15H18N2O;;;
413;ELN045639-130;stenzhoy;C11H10ClN3O2;;C15H16ClN3O3;;;
414;ELN045639-131;stenzhoy;C15H9Cl2F2N5O;;C19H15Cl2F2N5O2;;;
415;ELN045639-132;stenzhoy;C15H9Cl2F2N5O;;C19H15Cl2F2N5O2;;;
416;ELN045639-128;stenzhoy;C9H11BrN2O;;C9H12BBrN2O3;;;
417;ELN045639-133;stenzhoy;C16H11Cl2F2N5O;;C20H17Cl2F2N5O2;;;
418;ELN045639-134;stenzhoy;C16H11Cl2F2N5O;;C27H22Cl2F2N6O3;;;
419;ELN045639-137;stenzhoy;C17H25BN2O3;;C11H15BN2O3;;;
420;ELN045639-138;stenzhoy;C17H25BN2O3;;C11H15BN2O3;;;
421;ELN045639-139;stenzhoy;C11H15BN2O3;C15H10ClF2N3O;C26H22ClF2N5O2;;;
422;ELN045639-140;stenzhoy;C15H8Cl2F3N5O;;C19H14Cl2F3N5O2;;;
423;ELN045639-141;stenzhoy;C16H11Cl2F2N5O;;C20H17Cl2F2N5O2;;;
424;ELN045639-142;stenzhoy;C16H11Cl2F2N5O;;C27H22Cl2F2N6O3;;;
425;ELN045639-143;stenzhoy;C15H8Cl2F3N5O;;C19H14Cl2F3N5O2;;;
426;ELN045639-144;stenzhoy;C15H8Cl2F3N5O;;C27H21Cl2F3N6O4;;;
427;ELN040616-223;wolfardj;C4H2Cl2N2;;C6H6Cl2N2;;;
428;ELN045639-147;stenzhoy;C15H9Cl2F2N5O;;C19H15Cl2F2N5O2;;;
429;ELN045639-148;stenzhoy;C15H9Cl2F2N5O;;C19H15Cl2F2N5O2;;;
430;ELN045639-149;stenzhoy;C15H9Cl2F2N5O;;C26H20Cl2F2N6O3;;;
431;ELN045639-150;stenzhoy;C15H9Cl2F2N5O;;C23H22Cl2F2N6O3;;;
432;ELN040616-224;wolfardj;C4H2Cl2N2;;C6H6Cl2N2;;;
433;ELN040616-225;wolfardj;C4H2Cl2N2;;C6H6Cl2N2;;;
434;ELN040616-226;wolfardj;C4H2Cl2N2;;C6H6Cl2N2;;;
435;ELN045639-151;stenzhoy;C15H9Cl2F2N5O;;C24H24Cl2F2N6O3;;;
436;ELN045639-152;stenzhoy;C15H9Cl2F2N5O;;C24H24Cl2F2N6O4;;;
437;ELN045639-153;stenzhoy;C15H9Cl2F2N5O;;C23H22Cl2F2N6O3;;;
438;ELN045639-154;stenzhoy;C17H11Cl2F3N4O;;C25H24Cl2F3N5O3;;;
439;ELN040616-227;wolfardj;C4H2Cl2N2;;C6H6Cl2N2;;;
440;ELN040616-228;wolfardj;C4H2Cl2N2;;C6H6Cl2N2;;;
441;ELN040616-229;wolfardj;C5H5ClN2;;C7H9ClN2;;;
442;ELN040616-230;wolfardj;C5H6N2;;C7H10N2;;;
443;ELN040616-231;wolfardj;C4H2Cl2N2;;C12H15Cl2N3O2;C8H7Cl2N3O2;C7H7Cl2N3;
444;ELN040616-232;wolfardj;C5H5ClN2;;C13H18ClN3O2;C9H10ClN3O2;C8H10ClN3;
445;ELN040616-233;wolfardj;C5H6N2;;C13H19N3O2;C9H11N3O2;C8H11N3;
446;ELN045639-155;stenzhoy;C16H10Cl2F2N4O;;C24H23Cl2F2N5O3;;;
447;ELN045639-156;stenzhoy;C15H9Cl2F2N5O;;C23H22Cl2F2N6O3;;;
448;ELN045639-157;stenzhoy;C15H10ClF2N3O;;C21H21BClF2N3O3;;;
449;ELN045639-158;stenzhoy;C23H22Cl2F2N6O3;;C18H14Cl2F2N6O;;;
450;ELN045639-159;stenzhoy;C15H9Cl2F2N5O;;C23H22Cl2F2N6O3;;;
451;ELN045639-160;stenzhoy;C21H21BClF2N3O3;;C15H9BrClF2N3O;;;
452;ELN045639-161;stenzhoy;C23H22Cl2F2N6O3;;C18H14Cl2F2N6O;;;
453;ELN040616-235;wolfardj;C5H5ClN2;C14H15NO4;C18H18ClN3O2;;;
454;ELN040616-236;wolfardj;C5H5ClN2;C11H17NO4;C15H20ClN3O2;;;
455;ELN045639-164;stenzhoy;C17H25BN2O3;;C11H15BN2O3;;;
456;ELN045639-165;stenzhoy;C11H15BN2O3;C15H10ClF2N3O;C26H22ClF2N5O2;;;
457;ELN045639-167;stenzhoy;C13H14ClN3O3;;C21H27ClN4O5;;;
458;ELN045639-169;stenzhoy;C13H14ClN3O3;;C21H27ClN4O5;;;
459;ELN040616-240;wolfardj;C4H2Cl2N2;;C17H15Cl2N3O2;;;
460;ELN040616-241;wolfardj;C4H2Cl2N2;;C14H17Cl2N3O2;C10H9Cl2N3O2;C9H9Cl2N3;
461;ELN045639-172;stenzhoy;C15H10ClF2N3O;;C20H18ClF2N3O2;;;
462;ELN045639-174;stenzhoy;C15H9Cl2F2N5O;;C27H22Cl2F2N6O3;;;
463;ELN045639-175;stenzhoy;C8H8ClNO2;;C16H21ClN2O4;;;
464;ELN050794-001;loretans;C5H4ClN;;C7H6F3NO;;;
465;ELN045639-176;stenzhoy;C8H8ClNO2;;C16H21ClN2O4;;;
466;ELN045639-177;stenzhoy;C8H8ClNO2;;C16H21ClN2O4;;;
467;ELN045639-182;stenzhoy;C24H24BClFN5O3;C30H34BClFN5O3;C24H23ClFN5O2;;;
468;ELN045639-183;stenzhoy;C24H24BClFN5O3;;C24H24BClFN5O3;C30H34BClFN5O3;;
469;ELN045639-184;stenzhoy;C22H19ClFN3O3S;;C26H25ClFN3O4S;;;
470;ELN040616-244;wolfardj;C5H4ClN;;C7H6F3NO;;;
471;ELN040616-245;wolfardj;C5H4ClN;;C7H6F3NO;;;
472;ELN040616-246;wolfardj;C11H9NO2;;C20H24N2O4;;;
473;ELN040616-247;wolfardj;C11H9NO2;;C20H24N2O4;;;
474;ELN045639-185;stenzhoy;C22H19ClFN3O3S;;C26H25ClFN3O4S;;;
475;ELN045639-186;stenzhoy;C15H10ClF2N3O;;C26H23ClF2N4O3;;;
476;ELN040616-248;wolfardj;C5H4ClN;;C7H6F3NO;;;
477;ELN040616-249;wolfardj;C5H4ClN;;C7H6F3NO;;;
478;ELN040616-250;wolfardj;C11H9NO2;;C20H24N2O4;C16H16N2O4;C15H16N2O2;
479;ELN040616-251;wolfardj;C11H9NO2;;C20H24N2O4;C16H16N2O4;C15H16N2O2;
480;ELN050794-002;loretans;C11H9NO2;;C20H24N2O4;C16H16N2O4;C15H16N2O2;
481;ELN050794-003;loretans;C6H3ClN2;;C8H5F3N2O;;;
482;ELN040616-252;wolfardj;C11H9NO2;;C20H24N2O4;C16H16N2O4;C15H16N2O2;
483;ELN040616-253;wolfardj;C11H9NO2;;C20H24N2O4;C16H16N2O4;C15H16N2O2;
484;ELN050794-004;loretans;C8H5F3N2O;;C8H8F3N3O2;;;
485;ELN050794-005;loretans;C8H8F3N3O2;;C13H14F3N3O2;C13H16F3N3O3;;
486;ELN045639-187;stenzhoy;C8H8ClNO2;;C16H21ClN2O4;C12H13ClN2O4;C11H13ClN2O2;
487;ELN045639-190;stenzhoy;C10H14;;C14H21N;;;
488;ELN045639-192;stenzhoy;C25H31BClFO4;C19H21BClFO4;C19H20ClFO3;;;
489;ELN045639-191;stenzhoy;C10H14;;C14H21N;;;
490;ELN040616-255;wolfardj;C6H3BrN2;;C9H8N2;;;
491;ELN050794-006;loretans;C8H5F3N2O;;C8H8F3N3O2;;;
492;ELN050794-007;loretans;C8H8F3N3O2;;C13H14F3N3O2;C13H16F3N3O3;;
493;ELN050794-008;loretans;C6H3ClN2;;C8H5F3N2O;;;
494;ELN045639-194;stenzhoy;C16H17BCl3F2N3O4;;C16H16Cl3F2N3O3;;;
495;ELN045639-195;stenzhoy;C15H17F2N3O2;;C21H28BF2N3O4;C15H18BF2N3O4;;
496;ELN045639-196;stenzhoy;C17H15BF3NO6;;C17H14F3NO5;;;
497;ELN045639-197;stenzhoy;C25H31BClFO4;C19H21BClFO4;C20H19ClFNO2;;;
498;ELN045639-198;stenzhoy;C24H24BClFN5O3;C30H34BClFN5O3;C24H23ClFN5O2;;;
499;ELN050794-009;loretans;C8H5F3N2O;;C8H8F3N3O2;;;
500;ELN050794-010;loretans;C6H3ClN2;;C7H6N2O;;;
501;ELN045639-199;stenzhoy;C15H17F2N3O2;;C21H28BF2N3O4;C15H18BF2N3O4;;
502;ELN045639-201;stenzhoy;C24H24BClFN5O3;C30H34BClFN5O3;C24H23ClFN5O2;;;
503;ELN045639-204;stenzhoy;C25H31BClFO4;C19H21BClFO4;C20H19ClFNO2;;;
504;ELN045639-205;stenzhoy;C16H18BF3N2O2;C10H8BF3N2O2;C10H7F3N2O;;;
505;ELN045639-206;stenzhoy;C13H18BNO3;C19H28BNO3;C13H17NO2;;;
506;ELN045639-207;stenzhoy;C25H31BClFO4;C19H21BClFO4;C20H19ClFNO2;;;
507;ELN040616-258;wolfardj;C4H2Br2N2;;C9H12Br2N2O;;;
508;ELN050794-011;loretans;C7H6N2O;;C7H9N3O2;;;
509;ELN050794-012;loretans;C6H3ClN2;;C7H6N2O;;;
510;ELN050794-014;loretans ;C8H8F3N3O2;;C13H14F3N3O2;C13H16F3N3O3;;
511;ELN045639-208;stenzhoy;C15H10ClF2N3O;;C21H21BClF2N3O3;C15H11BClF2N3O3;;
512;ELN045639-209;stenzhoy;C19H20ClFO2;;C25H31BClFO4;C19H21BClFO4;;
513;ELN045639-210;stenzhoy;C18H22N2O;;C24H33BN2O3;C18H23BN2O3;;
514;ELN040616-259;wolfardj;C4H2Br2N2;;C9H12Br2N2O;;;
515;ELN050794-013;loretans ;C10H9N;;C13H19BN2;;;
516;ELN050794-015;loretans;C7H6N2O;;C7H9N3O2;;;
517;ELN045636-215;stenzhoy;C17H19BClFN2O3;;C11H8ClFN2O2;;;
518;ELN045636-219;stenzhoy;C24H23ClFN5O;;C27H34BClFN6O;;;
519;ELN050794-016;loretans ;C10H9N;;C13H19BN2;;;
520;ELN050794-017;loretans ;C5H5NO;;C6H4F3NO;;;
521;ELN050794-018;loretans ;C6H7NO;;C7H6F3NO;;;
522;ELN045636-220;stenzhoy;C30H39BN8O4;C24H29BN8O4;C24H28N8O3;;;
523;ELN045636-224;stenzhoy;C24H26BFIN3O3;C18H16BFIN3O3;C18H15FIN3O2;;;
524;ELN045636-225;stenzhoy;C15H17BBrF3N2O2;C9H7BBrF3N2O2;C9H6BrF3N2O;;;
525;ELN040616-263;wolfardj;C5H5NO;;C6H4F3NO;;;
526;ELN040616-264;wolfardj;C6H7NO;;C7H6F3NO;;;
527;ELN040616-265;wolfardj;C5H5NO;;C13H18N2O3;;;
528;ELN040616-266;wolfardj;C5H5NO;;C13H18N2O3;;;
529;ELN040616-267;wolfardj;C6H7NO;;C10H13NO;;;
530;ELN040616-268;wolfardj;C6H7NO;;C10H13NO;;;
531;ELN040616-269;wolfardj;C5H5BrN2;;C10H15BrN2O;;;
532;ELN050794-019;loretans;C7H9N3O2;;C12H15N3O2;;;
533;ELN050794-020;loretans;C6H7NO;;C7H6F3NO;;;
534;ELN050794-021;loretans;C6H7NO;;C7H6F3NO;;;
535;ELN040616-270;wolfardj;C6H3ClN2;;C6H6ClN3O;;;
536;ELN040616-271;wolfardj;C7H6N2O;;C7H9N3O2;;;
537;ELN045639-233;stenzhoy;C18H21NO2;;C22H27NO3;;;
538;ELN045639-234;stenzhoy;C18H21NO2;;C22H27NO3;;;
539;ELN040616-272;wolfardj;C6H6ClN3O;;C11H12ClN3O;C11H14ClN3O2;;
540;ELN040616-273;wolfardj;C7H9N3O2;;C12H15N3O2;C12H17N3O3;;
541;ELN040616-274;wolfardj;C31H27ClFO2S2;;C20H19ClFNO2;;;
542;ELN045639-235;stenzhoy;C23H25N5O3;;C27H31N5O4;;;
543;ELN045639-236;stenzhoy;C18H21NO2;;C22H27NO3;;;
544;ELN050794-022;loretans ;C7H9N3O2;;C12H15N3O2;C12H17N3O3;;
545;ELN050794-023;loretans ;C6H3ClN2;;C7H6N2O;;;
546;ELN040616-275;wolfardj;C6H3ClN2;;C6H6ClN3O;;;
547;ELN045639-240;stenzhoy;C6H4BrCl;;C18H18ClNO;;;
548;ELN045639-241;stenzhoy;C6H4BrCl;;C18H18ClNO;;;
549;ELN045639-245;stenzhoy;C10H9N;;C13H19BN2;;;
550;ELN040616-277;wolfardj;C19H20ClFO2;;C19H19BrClFO2;;;
551;ELN040616-279;wolfardj;C19H20ClFO2;;C19H19Cl2FO2;;;
552;ELN045639-244;stenzhoy;C24H35NO2Si;;C28H41NO2Si;C32H47NO2Si;;
553;ELN045639-248;stenzhoy;C10H10BN;;C10H9NO;;;
554;ELN040616-280;wolfardj;C19H20ClFO2;;C19H19BrClFO2;;;
555;ELN040616-281;wolfardj;C19H19BrClFO2;;C22H24ClFO2;;;
556;ELN040616-282;wolfardj;C19H19BrClFO2;;C23H24ClFN2O2;;;
557;ELN050794-029;loretans;C6H4OF2;;C6H4F2O4S;;;
558;ELN040616-286;wolfardj;C19H19BrClFO2;;C22H24ClFO2;;;
559;ELN040616-287;wolfardj;C19H19BrClFO2;;C23H24ClFN2O2;;;
560;ELN050794-028;loretans;C6H4OF2;;C8H5Cl3F2O4S;;;
561;ELN040616-288;wolfardj;C19H20ClFO2;;C19H19BrClFO2;;;
562;ELN040616-290;wolfardj;C33H26ClF4O3S2;;C22H21ClF4O5S;;;
563;ELN040616-291;wolfardj;C19H19BrClFO2;;C27H33ClFNO4;C23H25ClFNO4;C22H25ClFNO2;
564;ELN050794-031;loretans ;C6H4OF2;;C6H4F2O4S;;;
565;ELN050794-032;loretans;C6H4OF2;;C8H5Cl3F2O4S;;;
566;ELN045639-268;stenzhoy;C71H115ClN12O16;;C79H118ClN13O18;;;
567;ELN040616-292;wolfardj;C19H19BrClFO2;;C22H24ClFO2;;;
568;ELN040616-293;wolfardj;C19H19BrClFO2;;C22H24ClFO3;;;
569;ELN040616-294;wolfardj;C19H19BrClFO2;;C22H24ClFO2;;;
570;ELN040616-295;wolfardj;C19H19BrClFO2;;C22H24ClFO2;;;
571;ELN040616-298;wolfardj;C33H26ClF4O3S2;;C22H21ClF4O5S;;;
572;ELN050794-033;loretans;C6H4OF2;;C8H5Cl3F2O4S;C6H4F2O4S;;
573;ELN040616-299;wolfardj;C13H9ClFIO;;C17H17ClFNO;;;
574;ELN040616-300;wolfardj;C13H9ClFIO;;C17H17ClFNO2;;;
575;ELN040616-301;wolfardj;C19H19BrClFO2;;C23H27ClFNO2;;;
576;ELN040616-302;wolfardj;C19H19BrClFO2;;C27H33ClFNO4;C23H25ClFNO4;C22H25ClFNO2;
577;ELN040616-303;wolfardj;C13H9ClFIO;;C17H17ClFNO2;;;
578;ELN040616-304;wolfardj;C13H9ClFIO;;C17H17ClFNO2;;;
579;ELN040616-305;wolfardj;C13H9ClFIO;;C22H25ClFNO4;C18H17ClFNO4;C17H17ClFNO2;
580;ELN050794-035;loretans;C19H20ClFO2;;C19H19BrClFO2;;;
581;ELN050794-038;loretans;C19H20ClFO2;;C19H19ClFIO2;;;
582;ELN050794-036;loretans;C13H9ClFIO;;C22H25ClFNO3 ;C18H17ClFNO3;C17H17ClFNO;
583;ELN050794-037;loretans;C19H19BrClFO2;;C28H35ClFNO4;C24H27ClFNO4;C23H27ClFNO2;
584;ELN050794-039;loretans;C19H19BrClFO2;;C24H23ClFN3O2;;;
585;ELN050794-040;loretans ;C19H19BrClFO2;;C22H21ClFNO3;;;
586;ELN040616-306;wolfardj;C19H19BrClFO2;;C22H23ClFN3O2;;;
587;ELN040616-307;wolfardj;C19H19BrClFO2;;C27H30ClFN2O4;C23H22ClFN2O4;C22H22ClFN2O2;
588;ELN040616-308;wolfardj;C19H19BrClFO2;;C27H30ClFN2O4;C23H22ClFN2O4;C22H22ClFN2O2;
589;ELN040616-309;wolfardj;C27H30ClFN2O4;;C22H22ClFN2O2;;;
590;ELN040616-310;wolfardj;C27H30ClFN2O4;;C22H22ClFN2O2;;;
591;ELN040616-313;wolfardj;C19H19BrClFO2;;C22H23ClFN3O2;;;
592;ELN050794-041;loretans ;C16H21BF3N3O3S;;C16H20F3N3O2S;;;
593;ELN040616-314;wolfardj;C6H4OF2;;C6H4F2O4S;;;
594;ELN040616-315;wolfardj;C7H6BrNO2;;C10H11NO3;;;
595;ELN040616-316;wolfardj;C7H6BrNO2;;C10H11NO2;;;
596;ELN040616-317;wolfardj;C7H6BrNO2;;C10H11NO3;;;
597;ELN050794-042;loretans;C22H25ClFNO3;;C17H17ClFNO;;;
598;ELN040616-318;wolfardj;C7H6BrNO2;;C11H11F2NO2;;;
599;ELN040616-319;wolfardj;C7H6BrNO2;;C11H11F2NO2;;;
600;ELN040616-320;wolfardj;C14H14BrF2N3O2;;C18H19F4N3O2;;;
601;ELN050794-043;loretans ;C19H20ClFO2;;C19H19BrClFO2;;;
602;ELN050794-044;loretans ;C18H12Cl2N2O;;C18H13BCl2N2O3;;;
603;ELN050794-045;loretans ;C16H16Cl3F2N3O2;;C16H17BCl3F2N3O4;;;
604;ELN050794-046;loretans ;C18H13BCl2N2O3;;C18H12Cl2N2O2;;;
605;ELN050794-047;loretans ;C16H17BCl3F2N3O4;;C16H16Cl3F2N3O3;;;
606;ELN050794-048;loretans ;C12H14O2;;C18H18FNO2;;;
607;ELN040616-321;wolfardj;C14H14BrF2N3O2;;C17H19F2N3O3;;;
608;ELN040616-322;wolfardj;C14H14BrF2N3O2;;C18H21F2N3O3;;;
609;ELN045639-309;stenzhoy;C18H18FNO2;;C21H24FNO2;C21H26FNO2;;
610;ELN045639-310;stenzhoy;C18H18FNO2;;C25H31FN2O4;C20H23FN2O2;C20H25FN2O2;
611;ELN045639-311;stenzhoy;C18H18FNO2;;C21H24FNO3;;;
612;ELN040616-325;wolfardj;C19H19BrClFO2;;C22H23ClFN3O2;;;
613;ELN040616-326;wolfardj;C19H19BrClFO2;;C24H23ClFN3O2;;;
614;ELN040616-327;wolfardj;C19H19BrClFO2;;C23H24ClFN2O2;;;
615;ELN040616-324;wolfardj;C19H19BrClFO2;;C22H23ClFN3O2;;;
616;ELN040616-328;wolfardj;C19H19BrClFO2;;C22H23ClFN3O2;;;
617;ELN052060-001;boddya;C19H19BrClFO2;;C23H24ClFN2O2;;;
618;ELN052060-002;boddya;C19H19BrClFO2;;C24H23ClFN3O2;;;
619;ELN050794-049;loretans ;C12H16O2;;C19H20ClFO2;;;
620;ELN045639-312;stenzhoy;C18H18FNO2;;C21H24FNO3;;;
621;ELN045639-313;stenzhoy;C18H18FNO2;;C21H24FNO3;;;
622;ELN045639-314;stenzhoy;C6H5ClN4O;;C12H13ClF2N4O;;;
623;ELN045639-315;stenzhoy;C6H5ClN4O;;C12H13ClF2N4O;;;
624;ELN045639-316;stenzhoy;C7H7BrN2O2;;C12H15BrN2O3;;;
625;ELN045639-317;stenzhoy;C7H7BrN2O2;;C12H15BrN2O3;;;
626;ELN050794-050;loretans ;C19H20ClFO2;;C19H19BrClFO2;;;
627;ELN052060-003;boddya;C7H7Br;C5H9BrO;C12H16O;;;
628;ELN045639-318;stenzhoy;C7H7BrN2O2;;C12H15BrN2O3;;;
629;ELN045639-319;stenzhoy;C7H7BrN2O2;;C12H15BrN2O3;;;
630;ELN045639-321;stenzhoy;C7H7BrN2O2;;C12H15BrN2O3;;;
631;ELN052060-004;boddya;C19H19BrClFO2;;C24H28ClFO3;;;
632;ELN052060-005;boddya;C19H19BrClFO2;;C27H33ClFNO4;C22H25ClFNO2;;
633;ELN045639-322;stenzhoy;C7H8N2O2;;C12H16N2O3;;;
634;ELN052060-006;boddya;C19H20ClFO2;;C31H27ClFO2S2;;;
635;ELN052060-007;boddya;C19H20ClFO2;;C31H27ClFO2S2;;;
636;ELN052060-008;boddya;C19H19BrClFO2;;C27H33ClFNO4;C22H25ClFNO2;;
637;ELN045639-326;stenzhoy;C7H7BrN2O2;;C12H15BrN2O3;;;
638;ELN045639-327;stenzhoy;C7H7BrN2O2;;C12H15BrN2O3;;;
639;ELN045639-328;stenzhoy;C7H7BrN2O2;;C12H15BrN2O3;;;
640;ELN050794-051;loretans;C12H14O2;;C19H18ClFO2;;;
641;ELN052060-009;boddya;C19H19BrClFO2;;C24H28ClFO3;;;
642;ELN052060-010;boddya;C19H19BrClFO2;;C29H37ClFNO4;C24H29ClFNO2;;
643;ELN050794-052;loretans;C19H18ClFO2;;C19H20ClFO2;;;
644;ELN045639-329;stenzhoy;C7H7BrN2O2;;C12H15BrN2O3;;;
645;ELN040616-329;wolfardj;C19H19BrClFO2;;C22H24ClFO2;;;
646;ELN040616-330;wolfardj;C19H19BrClFO2;;C30H39ClFNO4;C25H31ClFNO2;;
647;ELN052060-011;boddya;C19H18ClFO2;;C31H25ClFO2S2;;;
648;ELN045639-330;stenzhoy;C7H7BrN2O2;;C12H15BrN2O3;;;
649;ELN052298-001;martj336;C19H19BrClFO2;;C24H26ClFN2O2;;;
650;ELN052298-002;martj336;C19H19BrClFO2;;C24H26ClFN2O2;;;
651;ELN052298-003;martj336;C19H19BrClFO2;;C24H26ClFN2O2;;;
652;ELN052060-012;boddya;C19H18ClFO2;;C31H25ClFO2S2;;;
653;ELN050794-053;loretans;C19H20ClFO2;;C19H19BrClFO2;;;
654;ELN040616-331;wolfardj;C19H19BrClFO2;;C30H39ClFNO4;C25H31ClFNO2;;
655;ELN040616-332;wolfardj;C19H19BrClFO2;;C27H33ClFNO4;C22H25ClFNO2;;
656;ELN050794-054;loretans;C6H3ClF2O2S;;C6H6F2N2O2S;;;
657;ELN045639-331;stenzhoy;C19H20ClFO2;;C20H19ClF4O;;;
658;ELN052060-013;boddya;C19H20ClFO2;;"C20H20ClF3O	";;;
659;ELN052060-014;boddya;C19H18ClFO2;;C31H25ClFO2S2;;;
660;ELN045639-333;stenzhoy;C18H18FNO2;;C23H27FN2O4;C18H19FN2O2;;
661;ELN052298-004;martj336;C19H19BrClFO2;;C24H26ClFN2O2;;;
662;ELN052298-005;martj336;C19H19BrClFO2;;C24H26ClFN2O2;;;
663;ELN052298-006;martj336;C19H19BrClFO2;;C24H26ClFN2O2;;;
664;ELN052298-007;martj336;C19H19BrClFO2;;C24H26ClFN2O2;;;
665;ELN045639-332;stenzhoy;C19H19BrClFO2;;C20H22ClFO2;;;
666;ELN040616-333;wolfardj;C7H7ClO2S;;C10H14N2O2S;;;
667;ELN052298-008;martj336;C19H19BrClFO2;;C24H26ClFN2O2;;;
668;ELN052298-009;martj336;C19H19BrClFO2;;C22H24ClFO3;;;
669;ELN052298-010;martj336;C19H19BrClFO2;;C22H24ClFO3;;;
670;ELN052298-011;martj336;C19H19BrClFO2;;C22H24ClFO3;;;
671;ELN052060-015;boddya;C31H25ClFO2S2;;C20H17ClFNO2;;;
672;ELN052060-016;boddya;C31H25ClFO2S2;;C25H22ClFO4S;;;
673;ELN052060-017;boddya;C20H29N3O3S;;C20H28IN3O3S;C18H25N3O3S;;
674;ELN050794-057;loretans;C21H32BNO6;;C15H21NO5;;;
675;ELN050794-058;loretans;C31H25BBrF11N2O4;;C25H14BrF11N2O3;;;
676;ELN052298-012;martj336;C19H19BrClFO2;;C22H24ClFO3;;;
677;ELN040616-334;wolfardj;C7H7ClO2S;;C10H14N2O2S;;;
678;ELN052298-013;martj336;C13H17IO4;C7H10O2;C23H29IO4;;;
679;ELN045639-335;stenzhoy;C19H19BrClFO2;;C29H37ClFNO4;C24H29ClFNO2;;
680;ELN045639-336;stenzhoy;C19H19BrClFO2;;C29H37ClFNO4;C24H29ClFNO2;;
681;ELN045639-334;stenzhoy;C19H18ClFO2;;C20H19ClF4O2;;;
682;ELN052298-014;martj336;C19H18ClFO2;;C31H25ClFO2S2;;;
683;ELN052298-015;martj336;C5H4N4O;C23H29IO4;C11H12N4O;;;
684;ELN052298-024;martj336;C5H4N4O;C23H29IO4;C11H12N4O;;;
685;ELN052298-025;martj336;C5H4N4O;C23H29IO4;C11H12N4O;;;
686;ELN052298-016;martj336;C12H9NO;C5H10O2;C16H17NO;;;
687;ELN052298-017;martj336;C12H9NO;C5H10O2;C16H17NO;;;
688;ELN052298-018;martj336;C12H9NO;C5H10O2;C16H17NO;;;
689;ELN052298-019;martj336;C12H9NO;C5H10O2;C16H17NO;;;
690;ELN052298-020;martj336;C12H9NO;C5H10O2;C16H17NO;;;
691;ELN052298-021;martj336;C12H9NO;C5H10O2;C16H17NO;;;
692;ELN052298-022;martj336;C12H9NO;C5H10O2;C16H17NO;;;
693;ELN052298-023;martj336;C12H9NO;C5H10O2;C16H17NO;;;
694;ELN052298-026;martj336;C7H10O2;C13H17IO4;C23H29IO4;;;
695;ELN045639-337;stenzhoy;C14H12Cl2N2O3S;;C25H23Cl2N3O5S;;;
696;ELN045639-338;stenzhoy;C14H12Cl2N2O3S;;C25H23Cl2N3O5S;;;
697;ELN045639-339;stenzhoy;C14H12Cl2N2O3S;;C25H23Cl2N3O5S;;;
698;ELN045639-340;stenzhoy;C14H12Cl2N2O3S;;C22H25Cl2N3O5S;C18H17Cl2N3O5S;C17H17Cl2N3O3S;
699;ELN050794-059;loretans;C6H3ClF2O2S;;C6H6F2N2O2S;;;
700;ELN052060-018;boddya;C19H19BrClFO2;;C32H41ClFNO4;C27H33ClFNO2;;
701;ELN052060-019;boddya;C19H19BrClFO2;;C29H37ClFNO4;C24H29ClFNO2;;
702;ELN052060-020;boddya;C12H11NO3;;C19H17NO3;;;
703;ELN052060-021;boddya;C12H11NO3;;C12H10[2H]NO3;;;
704;ELN050794-063;loretans;C7H7F3O2;;C23H23F6IO4;;;
705;ELN050794-064;loretans;C7H7NO2;;C23H23IN2O4;;;
706;ELN052298-027;martj336;C5H4N4O;C23H29IO4;C11H12N4O;;;
707;ELN052298-028;martj336;C5H4N4O;C23H29IO4;C11H12N4O;;;
708;ELN050794-062;loretans ;C6H7FN2O2;;C12H18BFN2O4;;;
709;ELN052060-022;boddya;C12H11NO3;;C19H17NO3;;;
710;ELN052060-023;boddya;C12H11NO3;;C12H10BrNO3;;;
711;ELN052298-029;martj336;C7H7NO;C23H29IO4;C13H15NO;;;
712;ELN052298-030;martj336;C7H7NO;C23H29IO4;C13H15NO;;;
713;ELN052060-024;boddya;C19H19BrClFO2;;C29H37ClFNO4;C24H29ClFNO2;;
714;ELN052060-025;boddya;C19H19BrClFO2;;C29H37ClFNO4;C24H29ClFNO2;;
715;ELN052060-026;boddya;C7H8BrNO3;;C7H10BNO5;C13H22BNO5;;
716;ELN052298-031;martj336;C7H7NO;C23H29IO4;C13H15NO;;;
717;ELN052298-032;martj336;C7H7NO;C23H29IO4;C13H15NO;;;
718;ELN052298-033;martj336;C7H7NO;C23H29IO4;C13H15NO;;;
719;ELN052298-034;martj336;C7H7NO;C23H29IO4;C13H15NO;;;
720;ELN052298-035;martj336;C7H10O2;C13H17IO4;C23H29IO4;;;
721;ELN050794-065;loretans;C5H4N4O;;C11H15BN4O3;C5H5BN4O3;;
722;ELN052060-027;boddya;C24H29ClFNO2;;C25H31ClFNO2;;;
723;ELN050794-066;loretans;C12H11NO3;;C12H10[2H]NO3;;;
724;ELN050794-067;loretans ;C12H11NO3;;C12H10[2H]NO3;;;
725;ELN052298-036;martj336;C7H7NO;C23H29IO4;C13H15NO;;;
726;ELN052298-037;martj336;C7H7NO;C23H29IO4;C13H15NO;;;
727;ELN052298-038;martj336;C7H7NO;C23H29IO4;C13H15NO;;;
728;ELN052298-039;martj336;C9H7IO4;C7H10O2;C14H13IO4;;;
729;ELN052060-028;boddya;C12H11NO3;;C12H10[2H]NO3;;;
730;ELN052060-029;boddya;C12H11NO3;;C12H10[2H]NO3;;;
731;ELN052298-040;martj336;C7H7NO;C23H29IO4;C13H15NO;;;
732;ELN052298-041;martj336;C7H7NO;C23H29IO4;C13H15NO;;;
733;ELN052298-042;martj336;C7H7NO;C23H29IO4;C13H15NO;;;
734;ELN052298-043;martj336;C7H7NO;C23H29IO4;C13H15NO;;;
735;ELN050794-068;loretans;C12H11NO3;;C12H10[2H]NO3;;;
736;ELN050794-069;loretans;C12H11NO3;;C12H10BrNO3;;;
737;ELN052060-030;boddya;C7H8BrNO3;;C7H10BNO5;C13H22BNO5;;
738;ELN045639-342;stenzhoy;C19H19BrClFO2;;C29H37ClFNO4;C24H29ClFNO2;;
739;ELN052298-044;martj336;C5H4N4O;C23H29IO4;C11H12N4O;;;
740;ELN052298-045;martj336;C12H9NO;C5H10O2;C16H17NO;;;
741;ELN050794-070;loretans;C12H18BFN2O4;;C6H6BrFN2O2;;;
742;ELN052060-031;boddya;C12H11NO3;;C15H19NO3Si;;;
743;ELN045639-343;stenzhoy;C19H25N5O2;;C19H23N5O3;;;
744;ELN052060-032;boddya;C7H7NO;;C13H15NO;;;
745;ELN052060-033;boddya;C7H7NO;;C13H15NO;;;
746;ELN052060-034;boddya;C7H7NO;;C13H15NO;;;
747;ELN052060-035;boddya;C12H11NO3;;C15H19NO3Si;;;
748;ELN052060-036;boddya;C7H7NO;;C13H15NO;;;
749;ELN052060-037;boddya;C7H7NO;;C13H15NO;;;
750;ELN052060-038;boddya;C7H7NO;;C13H15NO;;;
751;ELN052060-039;boddya;C7H7NO;;C13H15NO;;;
752;ELN045639-350;stenzhoy;C14H18BrF2N3O2;;C14H17BrClF2N3O2;;;
753;ELN045639-349;stenzhoy;C19H25N5O2;;C19H23N5O3;;;
754;ELN045639-351;stenzhoy;C14H18BrF2N3O2;;C14H17BrClF2N3O2;;;
755;ELN045639-352;stenzhoy;C20H23ClF2N4O3;;C20H22Cl2F2N4O3;;;
756;ELN045639-353;stenzhoy;C20H23ClF2N4O3;;C20H22ClF3N4O3;;;
757;ELN052060-040;boddya;C7H7NO;;C13H15NO;;;
758;ELN052060-041;boddya;C7H7NO;;C13H15NO;;;
759;ELN052060-042;boddya;C7H7NO;;C14H15NO3;C13H13NO3;;
760;ELN052060-043;boddya;C7H7NO;;C14H15NO3;C13H13NO3;;
761;ELN052060-044;boddya;C5H4N4O;;C12H12N4O3;C11H10N4O3;;
762;ELN052060-045;boddya;C5H4N4O;;C12H12N4O3;C11H10N4O3;;
763;ELN052060-046;boddya;C12H11NO3;;C13H12FNO3;;;
764;ELN052060-047;boddya;C12H11NO3;;C13H12FNO3;;;
765;ELN052060-048;boddya;C12H11NO3;;C12H11FN2O3;;;
766;ELN040616-335;wolfardj;C7H9NO3;;C5H7NO2;;;
767;ELN052060-049;boddya;C5H7N3O;;C12H15N3O3;;;
768;ELN052060-050;boddya;C22H20F2N6O2;;C29H28F2N6O4;;;
769;ELN045639-354;stenzhoy;C4H2Cl2N2;;C13H17Cl2N3O2;C8H9Cl2N3;C9H9Cl2N3O2;
770;ELN045639-355;stenzhoy;C4H2Cl2N2;;C13H17Cl2N3O2;C8H9Cl2N3;C9H9Cl2N3O2;
771;ELN052060-051;boddya;C7H9NO3;;C13H12FNO3;;;
772;ELN052060-052;boddya;C7H9NO3;;C13H12FNO3;;;
773;ELN052060-053;boddya;C7H9NO3;;C13H12FNO3;;;
774;ELN052060-054;boddya;C7H7NO;;C14H15NO3;C13H13NO3;;
775;ELN052060-056;boddya;C7H7NO;;C13H12F3NO;;;
776;ELN052060-057;boddya;;;C13H9F4NO3;;;
777;ELN045639-356;stenzhoy;C4H2Cl2N2;;C13H17Cl2N3O2;C8H9Cl2N3;C9H9Cl2N3O2;
778;ELN045639-357;stenzhoy;C7H3ClN4;;C11H11ClN4;;;
779;ELN045639-358;stenzhoy;C7H3ClN4;;C11H11ClN4;;;
780;ELN052298-046;martj336;C7H9BrO2;C7H7NO;C14H15NO3;;;
781;ELN052298-047;martj336;C6H6BrF3;C7H7NO;C13H12F3NO;;;
782;ELN052599-001;villalao;C7H4BrN;;C12H13NO;;;
783;ELN040616-336;wolfardj;C7H9NO3;;C13H12FNO3;;;
784;ELN040616-337;wolfardj;C7H9NO3;;C12H11FN2O3;;;
785;ELN040616-338;wolfardj;C7H9NO3;;C12H11FN2O3;;;
786;ELN052298-050;martj336;C13H21BO4;C5H4N4O;C12H12N4O3;;;
787;ELN052298-048;martj336;C7H9NO2;C4F6O3;C8H8F3NO2;;;
788;ELN052599-002;villalao;;C8H7BrO2;C14H18O4;;;
789;ELN040616-339;wolfardj;C7H9NO3;;C12H11FN2O3;;;
790;ELN040616-340;wolfardj;C7H9NO3;C5H3FIN;C12H11FN2O3;;;
791;ELN040616-341;wolfardj;C19H21ClFN3O4;;C19H20BrClFN3O4;;;
792;ELN052298-049;martj336;C22H20F2N6O2;C13H21BO4;C29H28F2N6O4;;;
793;ELN045639-359;stenzhoy;C19H19BrClFO2;;C29H37ClFNO4;C24H29ClFNO2;;
794;ELN052298-051;martj336;C18H19ClFN3O4;C4F6O3;C19H18ClF4N3O4;;;
795;ELN050794-071;loretans ;C6H4FNO;;C6H5FN2O;;;
796;ELN050794-072;loretans ;C14H18BrF2N3O2;;C14H17BrClF2N3O2;;;
797;ELN040616-342;wolfardj;C19H20BrClFN3O4;;C20H20ClFN4O4;;;
798;ELN050794-073;loretans;C6H5FN2O;;C6H4ClFN2O;;;
799;ELN052298-052;martj336;C22H20F2N6O2;C6H6BrF3;C28H25F5N6O2;;;
800;ELN052298-053;martj336;C22H20F2N6O2;C13H21BO4;C29H28F2N6O4;;;
801;ELN052599-003;villalao;C5H4BrN;C8H14BrNO2;C13H18N2O2;;;
802;ELN052599-004;villalao;C5H4BrN;C8H14BrNO2;C13H18N2O2;;;
803;ELN040616-343;wolfardj;C19H21ClFN3O4;;C19H20BrClFN3O4;;;
804;ELN052599-005;villalao;C5H4BrN;C8H14BrNO2;C13H18N2O2;;;
805;ELN052599-006;villalao;C5H4BrN;C8H14BrNO2;C13H18N2O2;;;
806;ELN052599-007;villalao;C5H4BrN;C8H14BrNO2;C13H18N2O2;;;
807;ELN040616-344;wolfardj;C19H21ClFN3O4;;C19H20ClF2N3O4;;;
808;ELN050794-074;loretans;C13H17IO4;;C9H11IO;;;
809;ELN050794-075;loretans;C6H5FN2O;;C6H4ClFN2O;;;
810;ELN040616-345;wolfardj;C19H20BrClFN3O4;;C21H25ClFN3O4;;;
811;ELN050794-076;loretans;C6H4ClFN2O;;C12H8F4N2O3;;;
812;ELN052060-059;boddya;C7H7NO;;C6H4ClFN2O;C13H16N2O;;
813;ELN040616-346;wolfardj;C19H20BrClFN3O4;;C21H25ClFN3O4;;;
814;ELN052060-060;boddya;;;C12H11FN2O3;;;
815;ELN052060-061;boddya;C7H9NO3;;C12H11FN2O3;;;
816;ELN052060-062;boddya;;;C12H11FN2O3;;;
817;ELN052060-063;boddya;;;C12H11FN2O3;;;
818;ELN040616-347;wolfardj;C7H9NO2;;C8H8F3NO2;;;
819;ELN040516-140;wolfardj;C19H25N5O2;;C19H25N5O3;C19H23N5O3;C19H23N5O2;
820;ELN050794-077;loretans;C12H11FN2O3;;C10H9FN2O2;;;
821;ELN050794-078;loretans;C6H4ClFN2O;;C12H11FN2O3;;;
822;ELN050794-079;loretans;C6H4ClFN2O;;C12H11FN2O3;;;
823;ELN040616-348;wolfardj;C19H19BrClFO2;;C25H30ClFO4;;;
824;ELN040616-349;wolfardj;C19H19BrClFO2;;C22H24ClFO4;;;
825;ELN040616-350;wolfardj;C19H19BrClFO2;;C23H26ClFO4;;;
826;ELN040616-351;wolfardj;C19H19BrClFO2;;C28H28ClFO4;;;
827;ELN040616-352;wolfardj;C19H20BrClFN3O4;;C21H25ClFN3O4;;;
828;ELN050794-080;loretans;C6H5FN2O;;C6H4ClFN2O;;;
829;ELN052298-054;martj336;C22H20F2N6O2;C13H21BO4;C29H28F2N6O4;;;
830;ELN052298-055;martj336;C11H19NO3;C7H7NO;C18H24N2O3;;;
831;ELN052298-056;martj336;C11H19NO3;C6H5F3N2;C17H22F3N3O2;;;
832;ELN052298-057;martj336;C22H20F2N6O2;C12H18BF3O2;C28H25F5N6O2;;;
833;ELN052298-058;martj336;C22H20F2N6O2;C12H18BF3O2;C28H25F5N6O2;;;
834;ELN052298-059;martj336;C22H20F2N6O2;C12H18BF3O2;C28H25F5N6O2;;;
835;ELN050794-081;loretans;C6H4ClFN2O;;C12H11FN2O3;;;
836;ELN050794-082;loretans;C10H9FN2O2;;C10H8ClFN2O;;;
837;ELN050794-083;loretans;C6H4ClFN2O;;C12H11FN2O3;;;
838;ELN050794-084;loretans;C6H4ClFN2O;;C12H11FN2O3;;;
839;ELN052060-064;boddya;C31H25ClFO2S2;;C20H18ClFO4;;;
840;ELN050794-085;loretans  ;C12H11FN2O3;;C10H9FN2O2;;;
841;ELN050794-086;loretans  ;C6H4ClFN2O;;C12H11FN2O3;;;
842;ELN052060-065;boddya;C72H63N3O15;;C77H64N3O15S2;C84H70N3O15S2;;
843;ELN052060-066;boddya;C72H63N3O15;;C77H64N3O15S2;C84H70N3O15S2;;
844;ELN052060-067;boddya;C72H63N3O15;;C77H64N3O15S2;C84H70N3O15S2;;
845;ELN052298-060;martj336;C22H20F2N6O2;C13H21BO4;C29H28F2N6O4;;;
846;ELN052298-061;martj336;C22H20F2N6O2;C12H21BO2;C28H28F2N6O2;;;
847;ELN052298-062;martj336;C22H20F2N6O2;C10H19BO2;C26H26F2N6O2;;;
848;ELN052298-063;martj336;C22H20F2N6O2;C15H28B2O4;C31H35BF2N6O4;;;
849;ELN050794-087;loretans;C10H9FN2O2;;C10H8ClFN2O;;;
850;ELN050794-088;loretans;C10H8ClFN2O;;C18H15FN4O2;;;
851;ELN050794-089;loretans;C5H10N2O3S;C19H15NO5;C20H20N2O5S;;;
852;ELN052060-068;boddya;C37H30NO4S;;C39H34N2O5S;;;
853;ELN052298-066;martj336;C22H20F2N6O2;C12H21BO2;C28H28F2N6O2;;;
854;ELN052298-067;martj336;C22H20F2N6O2;C12H19BF2O2;C28H26F4N6O2;;;
855;ELN052060-069;boddya;C37H30NO4S;;C39H34N2O5S;;;
856;ELN040616-353;wolfardj;C13H13N3O2;C5H3FIN;C18H15FN4O2;;;
857;ELN050794-090;loretans;C3H3Cl3O2;;C5H7Cl3O2;;;
858;ELN052298-065;martj336;C6H5F3N2;C11H19NO3;C17H22F3N3O2;;;
859;ELN052298-068;martj336;C6H5F3N2;C11H19NO3;C17H22F3N3O2;;;
860;ELN052060-070;boddya;C72H63N3O15;;C77H64N3O15S2;C84H70N3O15S2;;
861;ELN052060-071;boddya;;;C12H9ClFNO3;;;
862;ELN045639-361;stenzhoy;C11H9ClN4;;C18H24N6O2;C13H17N6;C14H16N6O2;
863;ELN045639-362;stenzhoy;C11H11ClN4;;C18H26N6O2;C13H19N6;C14H18N6O2;
864;ELN045639-363;stenzhoy;C10H9ClN4;;C17H24N6O2;C12H17N6;C13H16N6O2;
865;ELN052298-069;martj336;C22H20F2N6O2;C11H15NO3;C22H20F2N6O2;C16H14F2N4O2;;
866;ELN045639-364;stenzhoy;C13H17N6;;C21H21ClN6;;;
867;ELN045639-365;stenzhoy;C13H19N6;;C21H23ClN6;;;
868;ELN045639-366;stenzhoy;C12H17N6;;C20H21ClN6;;;
869;ELN052298-070;martj336;C11H19NO3;C7H7NO;C18H24N2O3;;;
870;ELN040616-356;wolfardj;C24H29ClFNO2;;C25H31ClFNO2;;;
871;ELN045639-367;stenzhoy;C13H11ClF2N4;;C15H19F2N6;C20H26F2N6O2;;
872;ELN045639-368;stenzhoy;C12H11ClN4O;;C14H19N6O;C19H26N6O3;;
873;ELN045639-369;stenzhoy;C11H9ClN4O;;C13H17N6O;C18H24N6O3;;
874;ELN045639-370;stenzhoy;C16H18ClN5O3;;C18H26N7O3;C23H33N7O5;;
875;ELN045639-371;stenzhoy;C16H18ClN5O2;;C18H26N7O2;C23H33N7O4;;
876;ELN045639-372;stenzhoy;C15H16ClN5O2;;C17H24N7O2;C22H31N7O4;;
877;ELN045639-373;stenzhoy;C15H19F2N6;;C23H23ClF2N6;;;
878;ELN045639-374;stenzhoy;C14H19N6O;;C22H23ClN6O;;;
879;ELN045639-375;stenzhoy;C13H17N6O;;C21H21ClN6O;;;
880;ELN045639-376;stenzhoy;C13H18N7O;;C21H22ClN7O;;;
881;ELN045639-377;stenzhoy;C13H18N7;;C21H22ClN7;;;
882;ELN045639-378;stenzhoy;C12H16N7;;C20H20ClN7;;;
883;ELN052298-071;martj336;C6H5F3N2;C11H19NO3;C17H22F3N3O2;;;
884;ELN052298-072;martj336;C6H5F3N2;C11H19NO3;C17H22F3N3O2;;;
885;ELN052298-073;martj336;C6H5F3N2;C11H19NO3;C17H22F3N3O2;;;
886;ELN052298-074;martj336;C6H5F3N2;C11H19NO3;C17H22F3N3O2;;;
887;ELN052060-072;boddya;C14H15N3O2;;C19H17FN4O2;;;
888;ELN052060-073;boddya;C12H12N4O2;;C17H14FN5O2;;;
889;ELN050794-091;loretans;C39H34N2O5S;;C20H20N2O5S;;;
890;ELN052060-074;boddya;C14H15N3O2;C5H3BrFN;C19H17FN4O2;;;
891;ELN052060-075;boddya;C12H12N4O2;C5H3BrFN;C17H14FN5O2;;;
892;ELN052060-076;boddya;C14H15N3O2;C5H3FIN;C19H17FN4O2;;;
893;ELN052060-077;boddya;C12H12N4O2;C5H3FIN;C17H14FN5O2;;;
894;ELN045639-379;stenzhoy;C7H5ClFNO;;C14H14FNO3;;;
895;ELN052298-076;martj336;C6H5F3N2;C11H19NO3;C17H22F3N3O2;;;
896;ELN052298-077;martj336;C6H5F3N2;C11H19NO3;C17H22F3N3O2;;;
897;ELN052298-078;martj336;C6H5F3N2;C11H19NO3;C17H22F3N3O2;;;
898;ELN052298-079;martj336;C37H31NO4S;C6H13NO2;C43H42N2O5S;;;
899;ELN045639-380;stenzhoy;C7H5ClFNO;;C13H10FNO5;;;
900;ELN052060-078;boddya;C14H15N3O2;C5H3BrFN;C19H17FN4O2;;;
901;ELN052060-079;boddya;C12H12N4O2;C5H3BrFN;C17H14FN5O2;;;
902;ELN052060-080;boddya;C14H15N3O2;C5H3FIN;C19H17FN4O2;;;
903;ELN052060-081;boddya;C12H12N4O2;C5H3FIN;C17H14FN5O2;;;
904;ELN045639-381;stenzhoy;C7H5ClFNO;;C13H12FNO3;;;
905;ELN045639-382;stenzhoy;C7H8BrNO;;C7H8FNO;;;
906;ELN052298-075;martj336;C22H20F2N6O2;C12H18BF3O2;C28H25F5N6O2;;;
907;ELN045639-383;stenzhoy;C14H17BrClF2N3O2;;C14H17BrF3N3O2;;;
908;ELN045639-384;stenzhoy;C19H21ClF2N4O3;;C19H20ClF3N4O3;;;
909;ELN045639-385;stenzhoy;C14H15N3O2;;C19H17FN4O2;;;
910;ELN045639-386;stenzhoy;C14H15N3O2;;C19H17FN4O2;;;
911;ELN045639-387;stenzhoy;C14H15N3O2;;C19H17FN4O2;;;
912;ELN045639-388;stenzhoy;C12H12N4O2;;C17H14FN5O2;;;
913;ELN045639-389;stenzhoy;C12H12N4O2;;C17H14FN5O2;;;
914;ELN045639-390;stenzhoy;C12H12N4O2;;C17H14FN5O2;;;
915;ELN045639-391;stenzhoy;C12H12N4O2;;C17H14FN5O2;;;
916;ELN045639-392;stenzhoy;C19H21ClF2N4O3;;C19H20ClF3N4O3;C19H19ClF4N4O3;C19H16ClF3N4O3;
917;ELN052298-080;martj336;C11H5BrF2N4O;C13H21BO4;C18H13BrF2N4O3;;;
918;ELN052060-082;boddya;C12H12N4O2;C5H3FBrN;C17H14FN5O2;;;
919;ELN052060-083;boddya;C12H12N4O2;C5H3FBrN;C17H14FN5O2;;;
920;ELN052060-084;boddya;C12H12N4O2;C5H3FIN;C17H14FN5O2;;;
921;ELN052060-085;boddya;C12H12N4O2;C5H3FIN;C17H14FN5O2;;;
922;ELN052060-086;boddya;C13H13N3O2;C5H3FBrN;C18H15FN4O2;;;
923;ELN052060-087;boddya;C13H13N3O2;C5H3FBrN;C18H15FN4O2;;;
924;ELN052060-088;boddya;C13H13N3O2;C5H3FIN;C18H15FN4O2;;;
925;ELN052060-089;boddya;C13H13N3O2;C5H3FIN;C18H15FN4O2;;;
926;ELN045639-393;stenzhoy;C19H21ClF2N4O3;;C19H20ClF3N4O3;C19H19ClF4N4O3;;
927;ELN045639-394;stenzhoy;C19H20BrClF2N4O3;;C20H20ClF2N5O3;;;
928;ELN045639-395;stenzhoy;C19H20BrClF2N4O3;;C19H19Br2ClF2N4O3;;;
929;ELN052298-081;martj336;C11H5BrF2N4O;C11H5BrF2N4O;;;;
930;ELN052298-082;martj336;C31H25ClFO2S2.C2F3O2;C7H3Cl3O2;C20H18ClFO4;;;
931;ELN052298-083;martj336;C31H25ClFO2S2.C2F3O2;C5H5NO4;C24H21ClFNO6;;;
932;ELN052298-084;martj336;C19H21ClF2N4O3;C4F6O3;C20H20ClF5N4O3;;;
933;ELN045639-396;stenzhoy;C19H20BrClF2N4O3;;C19H19Br2ClF2N4O3;;;
934;ELN045639-397;stenzhoy;C19H20BrClF2N4O3;;C19H19Br2ClF2N4O3;;;
935;ELN045639-398;stenzhoy;C19H21ClF2N4O3;;C20H20ClF2N5O3;C21H15ClF2N6O3;;
936;ELN045639-399;stenzhoy;C19H19Br2ClF2N4O3;;C20H19BrClF2N5O3;C21H19ClF2N6O3;;
937;ELN052902-001;martj336;C16H26O2;;C16H25FO2;;;
938;ELN052902-004;martj336;C9H8O2;;C9H7FO2;;;
939;ELN045639-401;stenzhoy;C19H20BrClF2N4O3;;C20H20ClF5N4O3;;;
940;ELN045639-402;stenzhoy;C19H21ClF2N4O3;;C19H19Br2ClF2N4O3;C19H20BrClF2N4O3;;
941;ELN052902-002;martj336;C16H26O2;;C16H25FO2;;;
942;ELN052902-003;martj336;C16H26O2;;C16H25FO2;;;
943;ELN045639-403;stenzhoy;C19H19Br2ClF2N4O3;C19H20BrClF2N4O3;C20H19BrClF2N5O3;C21H19ClF2N6O3;C20H20ClF2N5O3;
944;ELN052298-085;martj336;C19H21ClF2N4O3;C4F6O3;C20H20ClF5N4O3;;;
945;ELN045639-404;stenzhoy;C13H12BrN3O2;;C17H16N6O3;;;
946;ELN045639-405;stenzhoy;C13H12BrN3O2;;C19H19N5O2;;;
947;ELN052298-086;martj336;C19H21ClF2N4O3;CH3ClO2S;C20H23ClF2N4O5S;;;
948;ELN052902-005;martj336;C16H26O2;C7H5ClO3;C16H25FO2;;;
949;ELN040616-359;wolfardj;C14H15N3O2;C12H15BrN4O2;C26H29N7O4;C22H21N7O4;C21H21N7O2;
950;ELN045639-406;stenzhoy;C26H28BF2NO6;C20H18BF2NO6;C30H25F2N3O4;;;
951;ELN045639-407;stenzhoy;C26H28BF2NO6;C20H18BF2NO6;C30H25F2N3O4;;;
952;ELN052902-006;chettatn;C16H26O2;;C16H25FO2;;;
953;ELN045639-408;stenzhoy;C21H18F2INO4;;C26H28F2N2O5;;;
954;ELN052902-007;chettatn;C9H8O2;;C9H7FO2;;;
955;ELN040616-360;wolfardj;C14H15N3O2;C12H15BrN4O2;C26H29N7O4;C22H21N7O4;C21H21N7O2;
956;ELN040616-361;wolfardj;C14H15N3O2;C12H15BrN4O2;C26H29N7O4;C22H21N7O4;C21H21N7O2;
957;ELN052298-087;martj336;C6H6O2;C13H9N;C6H8O3;;;
958;ELN052298-088;martj336;C7H8O2;C13H9N;C7H10O3;;;
959;ELN045639-409;stenzhoy;C21H18F2INO4;;C27H30F2N2O5;;;
960;ELN045639-410;stenzhoy;C21H18F2INO4;;C30H34F2N2O5;;;
961;ELN052902-008;chettatn;C22H23ClN2O2;;C22H22FClN2O2;;;
962;ELN040616-362;wolfardj;C8H9BrN2;;C13H17BrN2O2;;;
963;ELN040616-363;wolfardj;C3H5BrN4;;C8H13BrN4O2;;;
964;ELN040616-364;wolfardj;C5H7BrN4;;C10H15BrN4O2;;;
965;ELN040616-365;wolfardj;C3H3IN2;;C8H11IN2O2;;;
966;ELN040616-366;wolfardj;C6H7IN2;;C11H15IN2O2;;;
967;ELN040616-367;wolfardj;C4H2F3IN2;;C9H10F3IN2O2;;;
968;ELN040616-368;wolfardj;C4H2BrN3;;C9H10BrN3O2;;;
969;ELN040616-369;wolfardj;C4H5BrN2O;;C9H13BrN2O3;;;
970;ELN040616-370;wolfardj;C3HBrN4;;C8H9BrN4O2;;;
971;ELN040616-371;wolfardj;C7H5BrN2O;;C12H13BrN2O3;;;
972;ELN052902-009;chettatn;C22H23ClN2O2;;C22H22FClN2O2;;;
973;ELN052902-010;chettatn;C9H8O2;;C9H7FO2;;;
974;ELN045639-411;stenzhoy;C26H28BF2NO6;;C29H25F2N3O5;;;
975;ELN045639-412;stenzhoy;C26H28BF2NO6;;C30H25F2N3O5;;;
976;ELN045639-413;stenzhoy;C18H21ClN4O4;;C22H27ClN4O4;;;
977;ELN045639-414;stenzhoy;C18H21ClN4O4;;C22H27ClN4O4;;;
978;ELN052298-089;martj336;C6H6O2;;C6H8O3;;;
979;ELN052298-090;martj336;C7H8O2;;C7H10O3;;;
980;ELN052298-091;martj336;C19H21ClF2N4O3;C4F6O3;C20H20ClF5N4O3;;;
981;ELN052298-092;martj336;C19H21ClF2N4O3;C4F6O3;C20H20ClF5N4O3;;;
982;ELN052298-093;martj336;C19H21ClF2N4O3;C4F6O3;C20H20ClF5N4O3;;;
983;ELN052298-094;martj336;C6H6O2;;C6H8O3;;;
984;ELN052298-095;martj336;C6H6O2;;C6H8O3;;;
985;ELN052298-096;martj336;C7H8O2;;C7H10O3;;;
986;ELN052298-097;martj336;C7H8O2;;C7H10O3;;;
987;ELN052298-098;martj336;C6H6O2;;C6H8O3;;;
988;ELN052298-099;martj336;C7H8O2;;C7H10O3;;;
989;ELN052902-011;chettatn;C22H23ClN2O2;;C22H22FClN2O2;;;
990;ELN052902-012;chettatn;C14H11Cl2NO2;;C14H10Cl2FNO2;;;
991;ELN052298-100;martj336;C6H6O2;;C6H8O3;;;
992;ELN052298-101;martj336;C6H6O2;;C6H8O3;;;
993;ELN052298-102;martj336;C7H8O2;;C7H10O3;;;
994;ELN052298-103;martj336;C7H8O2;;C7H10O3;;;
;;;;;;;;
;;;;;;;;
;;;;;;;;
;;;;;;;;
;;;;;;;;
;;;;;;;;
